# path	axis	title	date	desc	keywords  — generated by build-catalogue.mjs, do not hand-edit
briefs/brain-benchmark-2026-07-07.md	brief	Brain benchmark — retrieval 2 lớp vs default (2026-07-07)	2026-07-07	Nguyên tắc #5 PDF RoboNuggets: "make it prove itself". 10 câu hỏi thật từ vault, 2 đường:	brain,benchmark,2026,07
briefs/maxpro-voc-report-2026-06-20.md	brief	VOC report — dog nail grinder (Casfuy/category 5★ corpus)	2026-06-20	- **HIGH:** pains, desires, language, what-they-love, switching-trigger, avatar.	confidence,market,snapshot,2a,pains,ranked,2b,desires,theo,cuong,cam,xuc,2c,failed,alternatives,switching,trigger,ladder,2d,purchase,triggers,2e,objections,faq,funnel,xu,2f,language,bank,positive,deep,dive,negative,corpus,5a,gaps,5b,swipe,ready,5c
sources/0xroas-50-statics-20-mins-ai.md	source-clip	Spin up 50 static ads in under 20 minutes with AI	2026-06-12	how can you guys have creative issues in 2026?	0xroas,50,statics,20,mins
sources/0xroas-ai-ads-agent.md	source-clip	AI ads agent GPT Seedance end-to-end automation	2026-07-09	GPT 5.6 Sol + Seedance 2.0 is crazy for AI ADS	0xroas,ads,agent
sources/0xroas-ai-animation-tof-story-required.md	source-clip	AI animation ads need strong story for TOF	2026-07-01	AI ANIMATION ADS must have a really good story in order to work.	0xroas,animation,tof,story,required
sources/0xroas-cartoon-ai-style-variation.md	source-clip	Iterate winning cartoon ads by changing style with AI	2026-06-12	i was keeping this a secret but...	0xroas,cartoon,style,variation
sources/0xroas-drama-ads-ai-format-list.md	source-clip	Drama ads crushing on FB — all AI formats list	2026-06-14	the new drama ADS are crushing on fb lol.	0xroas,drama,ads,format,list
sources/0xroas-resilia-3300-ads-ai-volume.md	source-clip	Resilia 3300 active ads digital darwinism AI volume	2026-06-16	let me be clear.	0xroas,resilia,3300,ads,volume
sources/0xroas-talking-char-elevenlabs.md	source-clip	AI talking character ad with ElevenLabs + Adobe Express	2026-07-07	here's how to do the talking character with AI:	0xroas,talking,char,elevenlabs
sources/0xroas-v3-ai-ugc-infinite-scale.md	source-clip	V3 AI UGC used by 9-figure brands, infinite scale	2026-07-05	V3 AI UGC is crazy...	0xroas,v3,ugc,infinite,scale
sources/0xroas-v3-ai-video-broll-automation.md	source-clip	V3 workflow automates AI video with brolls	2026-07-06	V3 workflow is really good.	0xroas,v3,video,broll,automation
sources/0xroas-v3-consistent-character-videos.md	source-clip	V3 workflow — consistent AI character videos	2026-07-06	another marketing mafia bizopp ad with @hookrate_	0xroas,v3,consistent,character,videos
sources/0xroas-v3-ugc-15min-stitch.md	source-clip	V3 AI UGC workflow 15 min stitch-only editing	2026-06-21	my V3 is the craziest workflow ahahha i'm having so much fun with it.	0xroas,v3,ugc,15min,stitch
sources/adrian-chivu-voc-driven-100k-creatives.md	source-clip	3 ads spending $180k — VOC-driven copy from customer reviews	2026-06-30	3 ads spending $180k. And the idea behind all three came from the same place most creative strategists ignore. My own customers. How many ads have you seen on your feed this week that say: "Premium quality" "Designed fo…	post,conversation,adrian,chivu,https,com,adrianchivu6,discover,more,voc,driven,100k,creatives
sources/adswithmarian-reddit-media-native-images.md	source-clip	Post by @AdsWithMarian on X	2026-03-31	MY FAVORITE PLACE TO GET NATIVE IMAGES FOR MY NATIVE ADS.	comments,adswithmarian,reddit,media,native,images
sources/advertising-jan-5-nano-banana-static-prompts.md	source-clip	Native Static Ads — 5 Nano Banana prompts for health products	2026-06-17	Native Static Ads are absolutely printing at the moment. Here are 5 Nano Banana Prompts you can steal for health products	post,conversation,advertising,jan,nano,banana,static,prompts
sources/advertising-jan-5-native-prompts-ugc-style.md	source-clip	5 native ad creative prompts for health products	2026-06-20	Native Ads Will Make You Rich in 2026	advertising,jan,native,prompts,ugc,style
sources/advertising-jan-5-stage-funnel.md	source-clip	Ecom funnels have 5 stages	2026-06-16	Ecom funnels have 5 stages,	advertising,jan,stage,funnel
sources/advertising-jan-7-native-headline-structures.md	source-clip	I've Written 6438+ Native Ad Headlines. These Are the 7 Structures That Actually Get Clicks.	2026-03-12	Most people treat native ad headlines like the sidechick they still entertain but don't really care about.	mistake,frame,insider,leak,accidental,discovery,contradiction,specific,number,think,quiet,trend,bonus,kills,native,headline,advertising,jan,structures
sources/advertising-jan-advertorial-100k-280k.md	source-clip	Advertorial 100k to 280k impressions in 2 months	2026-07-06	This Advertorial went from 100k to 280k impressions in 2 months.	advertising,jan,advertorial,100k,280k
sources/advertising-jan-advertorial-100k-300k-impressions.md	source-clip	Advertorial scaled 100k to 300k impressions native only	2026-06-19	This Advertorial went from 100k to 300k Impressions in 2 months.	advertising,jan,advertorial,100k,300k,impressions
sources/advertising-jan-advertorial-authority-2m-impressions.md	source-clip	Authority advertorial scaled 1.1M to 2.7M impressions	2026-06-21	This Advertorial went from 1.1M to 2.7M impressions in 1 month.	advertising,jan,advertorial,authority,2m,impressions
sources/advertising-jan-advertorial-rewrite-48h-profitable.md	source-clip	One advertorial section rewrite turned profitable in 48h	2026-06-17	Three weeks in, the campaign was still losing money. The founder wanted to kill it and go back to Meta.	advertising,jan,advertorial,rewrite,48h,profitable
sources/advertising-jan-cartoon-7-styles-prompts.md	source-clip	7 cartoon creative styles outperforming all static ads	2026-06-21	These "Cartoon Creatives" are currently outperforming EVERYTHING for static ads...	advertising,jan,cartoon,styles,prompts
sources/advertising-jan-cartoon-native-ads-meta.md	source-clip	Cartoon native ads killing it on Meta and native	2026-06-22	"Cartoon" Native Ads are currently killing it on Meta & Native	advertising,jan,cartoon,native,ads,meta
sources/advertising-jan-derila-ergo-native-funnel.md	source-clip	Derila Ergo Has Been Dominating Direct Response For YEARS! I Broke Down Their Exact Funnel..	2026-02-26	If you spent more than a few months in direct response, you know Derila Ergo.	quick,note,brand,worth,studying,stage,ad,creatives,advertorial,sales,page,full,funnel,logic,steal,own,campaigns,advertising,jan,derila,ergo,native
sources/advertising-jan-funnel-advertorial-presell-checkout.md	source-clip	Ad to Advertorial Presell Checkout funnel framework	2026-07-01	This Is Why You Are Poor.	advertising,jan,funnel,advertorial,presell,checkout
sources/advertising-jan-hearing-aid-advertorial-evergreen.md	source-clip	This Advertorial Funnel Has Been Profitable for 6 Months. This Is The Exact Reason It Scales Crazy.	2026-03-23	I spent last week reverse engineering one of the most stable native ad campaigns I have ever seen.	product,stage,ad,creatives,category,celebrity,sighting,shots,medical,editorial,testing,logic,advertorial,sales,page,funnel,evergreen,steal,own,campaigns,study,funnels,yourself,advertising,jan,hearing,aid
sources/advertising-jan-meta-ads-not-native-scaling.md	source-clip	Not Understanding This Ecom Concept is Keeping You Poor (Meta ads ≠ native ads)	2026-06-23	Half the DMs I get right now are about the same thing:	but,actually,native,ads,scaling,hard,brands,figure,out,so,advertising,jan,meta
sources/advertising-jan-mini-advertorial-vsl.md	source-clip	Mini advertorial before VSL outperforms direct	2026-06-29	What we see more and more these days is short advertorial + VSL.	advertising,jan,mini,advertorial,vsl
sources/advertising-jan-native-ads-guide-2026.md	source-clip	How To Print $$ With Native Ads & Advertorials in 2026: The Only Guide You’ll Ever Need	2026-05-26	Most ecom founders think native ads can be run just like meta.	native,ads,actually,most,founders,wrong,run,shouldn,understanding,cpm,cpc,ctr,math,runs,channel,10,funnel,structure,creative,advertorial,pdp,advertorials,they,70,work,practical,guide,setting,up,first,taboola,campaign,putting,together,advertising,jan,2026
sources/advertising-jan-native-advertorial-3m-stability.md	source-clip	Native advertorial 3M impressions stable vs Meta	2026-07-01	This Advertorial is running at over 3M Impressions for the last 3 Months.	advertising,jan,native,advertorial,3m,stability
sources/advertising-jan-native-new-and-weird-rule.md	source-clip	Native Ads Rule Of Thumb — make your ad new and a bit weird (FOMO)	2026-06-22	Native Ads Rule Of Thumb: Make your ad something "new and a bit weird" In the end, your prospect has tried 37 different diet methods. Nothing worked (she just eats too much). but when she hears about this new method, FO…	post,conversation,advertising,jan,native,new,weird,rule
sources/advertising-jan-native-pain-image-prompts.md	source-swipe	Native ads 3k/day — 5 AI pain image prompts (Nano Banana)	2026-06-30	Scaling native ads to 3k/day comes down to this:	advertising,jan,native,pain,image,prompts
sources/advertising-jan-native-vs-meta-argument.md	source-clip	Never rely on Meta — native has personal account manager	2026-06-18	Never Rely On Meta	advertising,jan,native,vs,meta,argument
sources/advertising-jan-outbrain-one-angle-850k.md	source-swipe	Outbrain advertorial one angle 150k to 850k impressions	2026-07-02	This Advertorial went from 150k to 850k impressions per month.	advertising,jan,outbrain,one,angle,850k
sources/advertising-jan-sciatic-pain-7-prompts.md	source-swipe	Sciatic pain angle: 7 AI native ad image prompts	2026-07-02	The new best performing ad angle: Sciatic Pain.	advertising,jan,sciatic,pain,prompts
sources/advertising-jan-senior-niche-ai-prompts.md	source-swipe	Senior products niche AI ad prompts thread	2026-06-29	The most profitable niche in ecom is senior products	advertising,jan,senior,niche,prompts
sources/advertising-jan-supplement-native-traffic-data.md	source-clip	9/11 DTC supplement brands run native ads — SimilarWeb data	2026-06-30	I tracked 11 DTC supplement brands on SimilarWeb.	advertising,jan,supplement,native,traffic,data
sources/advertising-jan-taboola-advertorial-40k.md	source-clip	Taboola advertorial 0 to 40k impressions 2 weeks	2026-06-29	This Advertorial went from 0 to 40k Impressions in less than 2 Weeks.	advertising,jan,taboola,advertorial,40k
sources/advertising-jan-ugly-ads-1m-advertorial.md	source-swipe	Ugly ads driving 1.6M impressions for advertorial	2026-07-04	This Advertorial is running at 1.6M impressions per month.	advertising,jan,ugly,ads,1m,advertorial
sources/alexgoughcooper-static-ads-8-rules-newsletter.md	source-clip	How to make better static ads in 2026 (newsletter — twin of alexgoughcooper-static-ads-8-rules)	2026-06-17	Hey Huy**,**	first,here,found,interesting,week,rules,static,ads,2026,statics,work,tof,keep,simple,stupid,customers,copywriters,people,feel,something,hooks,too,clear,concise,test,intention,reverse,engineer,winning,copy,alexgoughcooper,newsletter
sources/alexgoughcooper-static-ads-8-rules.md	source-clip	Read this if you want to make better static ads in 2026 (8 rules)	2026-04-21	Recently I did an internal training with my team about how to make better static ads.	rule,statics,work,tof,keep,simple,stupid,customers,copywriters,people,feel,something,hooks,too,clear,concise,test,intention,reverse,engineer,winning,copy,alexgoughcooper,static,ads,rules
sources/avcanthony-copy-that-prints-fundamentals.md	source-clip	An Idiot's Guide To Writing Copy That PRINTS	2026-06-16	Everyone's looking for the secret.	avcanthony,copy,prints,fundamentals
sources/avcanthony-sophistication-ump-match.md	source-clip	This One Thing Determines If Your Mechanisms Scale (sophistication × UMP)	2026-06-14	This One Thing Determines If Your Mechanisms Scale	comments,avcanthony,sophistication,ump,match
sources/blvckledge-16-revenue-streams-google-ads.md	source-clip	How to turn 1 product into 16+ revenue streams with Google Ads	2026-07-02	before we get into the article, i want you to do a quick little “test”:	blvckledge,16,revenue,streams,google,ads
sources/blvckledge-5-brands-1m-google-ads.md	source-clip	Breaking down 5 brands that are making over $1M/mo on Google Ads	2026-06-25	across our client portfolio, we've got a good number of brands doing 7 figures a month on google right now.	match,page,search,query,market,shops,different,format,blvckledge,brands,1m,google,ads
sources/blvckledge-cold-traffic-funnels.md	source-clip	The NEW way to scale Google Ads in 2026 (cold traffic funnels)	2026-05-19	for some reason, people have this belief that google ads are only good for bottom-of-funnel traffic.	blvckledge,cold,traffic,funnels
sources/blvckledge-control-narrative-brand-serp.md	source-clip	Control the narrative around your brand on Google (don't let competitors/third parties shape buyer perception)	2026-06-29	one important part of google is to “control the narrative” around your brand the last thing you want is competitors or third parties influencing how buyers think of you. below is an example of what happens when that get…	post,conversation,jackson,blackledge,https,com,blvckledge,control,narrative,brand,serp
sources/blvckledge-google-search-ads-full-guide.md	source-clip	How ecom brands are making 7 figs/mo with Google Search Ads (Full Guide)	2026-05-28	big misconception about search ads is that it doesn't scale for ecom.	branded,terms,transactional,intent,comparison,informational,ad,copy,extensions,assets,campaigns,prospecting,weekly,tasks,ongoing,blvckledge,google,search,ads,full,guide
sources/blvckledge-google-shopping-duplication.md	source-clip	How to 'trick' Google into showing ads in more searches (product duplication)	2026-03-12	over the past 5 years, we've scaled google shopping accounts from $10k/month to [$300k+](https://x.com/search?q=%24300k%2B&src=cashtag_click)/month using product duplication.	one,listing,problem,ii,solution,product,duplication,iii,implementation,set,up,final,words,blvckledge,google,shopping
sources/blvckledge-native-image-ads-3-angles.md	source-clip	How To Scale Native Image Ads in 2026 (Google Ads Breakdown)	2026-07-09	Video: [How To Scale Native Image Ads in 2026 (Google Ads Breakdown)](https://www.youtube.com/watch?v=8zRsP3hAeJg) — Jackson Blackledge, 11:55.	setup,angles,placement,nuance,campaign,structure,scaling,blvckledge,native,image,ads
sources/carlweische-100m-advertorials-guide.md	source-clip	How $100M brands write advertorials	2026-06-30	For those who are unfamiliar with advertorials, an advertorial is a form of pre-sell page.	pain,threshold,hook,very,top,page,above,fold,educate,them,they,problem,re,stuck,unique,mechanism,origin,story,proof,add,risk,reversal,cta,hit,one,more,time,kill,objections,social,another,close,carlweische,100m,advertorials,guide
sources/carlweische-offers-500m-guide.md	source-clip	Everything you need to know about offers (this has made us over $500M)	2026-06-26	I think there are too few good guides on offers in ecom seeing as it’s the #1 factor for scale.	build,mass,market,desire,ton,perceived,value,stack,persuasion,elements,find,opportunity,remember,offers,expire,carlweische,500m,guide
sources/carlweische-presell-listicle-7reasons.md	source-clip	The exact pre-sell page we used to take a brand from $387k/m to $1.36M/m in 3 months	2026-06-07	Before we get into it, I just wanna explain why a pre-sell page is the most important page you can have as a brand owner…	carlweische,presell,listicle,7reasons
sources/comparison-page-playbook-3rd-party.md	source-clip	The 3rd-Party Comparison Page Playbook	2026-07-10	For the past few years, we've been testing a bunch of strategies to help ecom brands acquire more new customers.	3rd,party,comparison,pages,examples,anatomy,high,converting,page,headline,personal,hook,problem,acknowledgment,agitation,educational,buyer,guide,section,few,notes,making,run,google,keywords,search,review,image,ads,discover,editorial,video,youtube,takeaway,help,playbook
sources/cyrilxbt-50-obsidian-workflows.md	source-clip	50 Obsidian Workflows, Plugins, and Setups That Most Users Don't Know	2026-06-24	Most people open Obsidian, write a few notes in the default folder, and never touch a single setting again.	category,dataview,workflows,turn,notes,live,databases,templater,automation,most,people,never,configure,canvas,spatial,thinking,daily,note,integration,setups,plugin,combinations,nobody,talks,vault,structure,patterns,mobile,specific,publishing,sharing,10,advanced,power,user,find,any,cyrilxbt,50,obsidian
sources/cyrilxbt-kimi-obsidian-second-brain.md	source-clip	How to Build a Second Brain With Kimi and Obsidian That Works While You Sleep (Full Course)	2026-06-18	Most second brains stop the moment you stop typing.	kimi,obsidian,specifically,part,foundation,setup,md,context,file,identity,actually,work,current,focus,areas,active,projects,beliefs,working,theories,output,standards,permission,autonomously,requires,explicit,approval,first,update,protocol,three,core,skills,one,thing,open,loops,project,status,signal
sources/dtcmidas-3rd-party-pages-strategy.md	source-clip	Run 50% of ad spend through 3rd-party pages (authority/creator/community/magazine)	2025-10-20	You're leaving money on the table by only running ads from your brand page. 50% of our ad spend goes through 3rd party pages. It works well because it looks less like an ad. Here are a few examples: - Authority pages: d…	post,conversation,dtc,midas,https,com,dtcmidas,3rd,party,pages,strategy
sources/dtcmidas-ad-kill-criteria-upper-funnel.md	source-clip	Kill or keep ad: upper funnel KPI criteria	2026-07-06	Bad performance on upper funnel metrics like cpatc, hook and hold rates. I initially let it run for 3-4 days. If both performance and upper funnel kpis are bad I'll kill, otherwise I'll let it run for 7 days and then se…	dtcmidas,ad,kill,criteria,upper,funnel
sources/dtcmidas-awards-certifications.md	source-clip	Awards certifications as third-party trust signals	2026-07-09	Here's how brands become the obvious #1 choice in super aware markets.	dtcmidas,awards,certifications
sources/dtcmidas-awareness-sophistication-funnel-stage-guide.md	source-clip	A Simple Guide to Reading Your Customer's Mind: Awareness vs Sophistication vs Funnel Stage	2026-07-10	If you run ads or write copy, you've probably heard these terms a hundred times: awareness levels, sophistication levels & funnel stages.	awareness,level,sophistication,funnel,stage,they,combine,dtcmidas,guide
sources/dtcmidas-awareness-sophistication-funnel-stages.md	source-clip	Awareness sophistication funnel stages are different	2026-07-10	I see a lot of you using awareness levels, sophistication levels, and funnel stages interchangeably.	dtcmidas,awareness,sophistication,funnel,stages
sources/dtcmidas-cbo-per-product-geo-structure.md	source-clip	1 CBO per product per geo campaign structure	2026-07-06	1 cbo per product per geo	dtcmidas,cbo,per,product,geo,structure
sources/dtcmidas-creative-per-funnel-stage.md	source-clip	Best creatives per funnel stage (TOF/MOF/BOF)	2026-07-07	Best creatives per funnel stage:	dtcmidas,creative,per,funnel,stage
sources/dtcmidas-dont-copy-funded-brands.md	source-clip	Stop copying funded brand funnels — wrong unit economics	2026-06-30	Stop taking inspiration from these big brands.	dtcmidas,dont,copy,funded,brands
sources/dtcmidas-june-record-month-levers.md	source-clip	Six levers that drove record June revenue	2026-07-01	Record month in June.	dtcmidas,june,record,month,levers
sources/dtcmidas-kpi-list-nc-metrics.md	source-clip	Core KPIs to track in DTC media buying	2026-07-06	revenue	dtcmidas,kpi,list,nc,metrics
sources/dtcmidas-lp-test-meta-abo-roas.md	source-clip	Landing page test method via Meta ABO ROAS comparison	2026-07-03	Here's how I run landing page tests.	dtcmidas,lp,test,meta,abo,roas
sources/dtcmidas-meta-ai-animation-yapper-vsl.md	source-clip	Meta top spenders AI animation and yapper VSL formats	2026-05-19	Meta is doing perfectly fine.	dtcmidas,meta,animation,yapper,vsl
sources/dtcmidas-native-ad-iterations.md	source-clip	Two native ad iterations from winning long-form	2026-07-03	For everyone running long form native ads, try these iterations. They perform really well:	dtcmidas,native,ad,iterations
sources/dtcmidas-net-new-vs-iteration-ratio.md	source-clip	Ad volume — net new vs iteration ratio	2026-07-07	For volume, launch as much ads as you can without diminishing quality.	dtcmidas,net,new,vs,iteration,ratio
sources/dtcmidas-scaling-seasons.md	source-clip	Scaling seasons framework bootstrapped 7-fig	2026-07-08	We hit multiple 7 figures / month bootstrapped by knowing when NOT to scale.	dtcmidas,scaling,seasons
sources/dtcmidas-shopify-payments-not-banned.md	source-clip	How to not get banned from Shopify payments	2026-05-19	It's not that hard to not get banned from Shopify payments.	dtcmidas,shopify,payments,banned
sources/dtcquizbuilder-9fig-quiz-operating-principles.md	source-clip	How $100M brands write quiz funnels (3 operating principles)	2026-07-02	If you’re on the locked in side of X twitter	feedback,loops,big,swings,making,work,dtcquizbuilder,9fig,quiz,operating,principles
sources/dtcquizbuilder-clickmaxx-quiz-5stage.md	source-clip	How To Clickmaxx Your Quiz Funnel	2026-04-01	If you’ve been following me for a while, you’ll be familiar with some of the Kilo Health funnels	ads,landing,page,quiz,funnel,dtcquizbuilder,clickmaxx,5stage
sources/dtcquizbuilder-clone-landing-pages-ai.md	source-clip	The most powerful use of AI in Ecom marketing...(How I'm building Landing pages in seconds)	2026-02-07	I have mentioned Claude Code in recent tweets	finding,lp,template,tweaking,iterating,adding,copy,live,shopify,dtcquizbuilder,clone,landing,pages
sources/dtcquizbuilder-golden-hippo-ugly-quiz.md	source-clip	Golden Hippo scaling ugly quiz funnel	2026-06-23	Golden Hippo scaling this ugly ass quiz	dtcquizbuilder,golden,hippo,ugly,quiz
sources/dtcquizbuilder-im8-quiz-teardown.md	source-clip	We Built A Quiz For IM8...Copy It	2026-06-11	IM8’s current numbers are ridiculous:	dtcquizbuilder,im8,quiz,teardown
sources/dtcquizbuilder-javvy-quiz-solution-aware.md	source-clip	How to write a quiz funnel for a solution aware audience (Javvy)	2026-04-06	Quiz Funnels are not only for hard core direct response	dtcquizbuilder,javvy,quiz,solution,aware
sources/dtcquizbuilder-mars-men-quiz-funnel.md	source-clip	Mars Men Funnel Breakdown	2026-03-01	Mars Men are absolute killers with direct response and funnels	overview,their,ads,funnel,mars,mens,quiz,want,more,breakdowns,dtcquizbuilder,men
sources/dtcquizbuilder-moerie-hair-quiz-gender-segment.md	source-clip	Moerie hair quiz segments male vs female from step 1	2026-06-12	Moerie (I believe also owned by Bioma hold co) is ripping with their hair quiz	dtcquizbuilder,moerie,hair,quiz,gender,segment
sources/dtcquizbuilder-native-ads-lp-any-niche.md	source-clip	Native ads to LP skill prints any niche	2026-06-29	Learn Native Ads to LP (listicle, quiz, advertorial)	dtcquizbuilder,native,ads,lp,any,niche
sources/dtcquizbuilder-native-ads-workflow.md	source-clip	Cracking native-style FB ads with AI	2026-05-14	Still haven't cracked native style images on facebook?	dtcquizbuilder,native,ads,workflow
sources/dtcquizbuilder-positive-framing-648-pct-rev.md	source-clip	Positive outcome framing drove 648% revenue in 3 months	2026-06-13	648% rev increase in 3 months.	dtcquizbuilder,positive,framing,648,pct,rev
sources/dtcquizbuilder-primalvikings-listicle-10reasons.md	source-clip	Primal Vikings Listicle Masterclass (Funnel Breakdown)	2026-02-24	I have said it before, I am a very strong fan of listicles	ads,their,landing,pages,page,techniques,take,aways,product,dtcquizbuilder,primalvikings,listicle,10reasons
sources/dtcquizbuilder-quiz-angle-validation-pre-purchase.md	source-clip	Quiz as pre-purchase angle validation tool	2026-06-25	Yes I'm reposting AI slop...but,	dtcquizbuilder,quiz,angle,validation,pre,purchase
sources/dtcquizbuilder-quiz-emotional-charge-questions.md	source-clip	Quiz questions that emotionally amplify the problem	2026-06-16	Most quizzes let people off the hook too early.	dtcquizbuilder,quiz,emotional,charge,questions
sources/dtcquizbuilder-quiz-funnel-2m-90days.md	source-clip	How I scaled a new offer to over $2,000,000 in 90 days with Quiz Funnels	2026-01-11	Everyone's running the same playbook.	problem,foreplay,funnels,quiz,competitive,arbitrage,drop,off,diagnosis,method,low,friction,entry,sequence,captive,attention,loading,screen,segment,retarget,data,play,steal,today,bigger,picture,dtcquizbuilder,funnel,2m,90days
sources/dtcquizbuilder-quiz-funnel-3day-cpa-win.md	source-clip	Quiz funnel top spender 10% lower CPA supp brand	2026-06-22	Friday: Launches quiz funnel in ad acc	dtcquizbuilder,quiz,funnel,3day,cpa,win
sources/dtcquizbuilder-quiz-funnel-diagnosis.md	source-clip	Quiz funnel diagnosis start rate to purchase rate	2026-07-09	Here's how we read quiz funnels	dtcquizbuilder,quiz,funnel,diagnosis
sources/dtcquizbuilder-quiz-funnel-personalization-scale.md	source-clip	Why quiz funnels win — personalization at scale argument	2026-06-24	The way we find out info has changed too	dtcquizbuilder,quiz,funnel,personalization,scale
sources/dtcquizbuilder-quiz-personalized-sales-call.md	source-clip	Quiz funnel as personalized sales call at scale	2026-06-24	The way we find out info has changed too	dtcquizbuilder,quiz,personalized,sales,call
sources/dtcquizbuilder-quiz-prepurchase-data-validation.md	source-clip	Quiz as pre-purchase customer data validation	2026-06-25	Yes I'm reposting AI slop...but,	dtcquizbuilder,quiz,prepurchase,data,validation
sources/dtcquizbuilder-quiz-start-rate-continuity.md	source-clip	Fix quiz start rate ad Q1 continuity	2026-07-10	How to fix your quiz start rate	dtcquizbuilder,quiz,start,rate,continuity
sources/dtcquizbuilder-testosterone-quiz-9m-visits.md	source-clip	Testosterone quiz funnel gets 9.9M monthly visits	2026-06-10	This Quiz Funnel gets 9.9M Monthly Visits	dtcquizbuilder,testosterone,quiz,9m,visits
sources/dtcquizbuilder-web2app-email-capture.md	source-clip	Our CVR went up by 51% after turning off our pop-up	2026-06-07	Had noticed weird behaviour with our email pop-up after logging in on my phone	web2app,method,dtcquizbuilder,email,capture
sources/dtcquizbuilder-what-makes-good-offer.md	source-clip	What makes a good offer (4 value levers)	2026-05-22	What makes a good offer?	dtcquizbuilder,makes,good,offer
sources/dtcquizbuilder-winning-ad-angle-method.md	source-clip	Methodical process to crack a winning ad angle	2026-06-23	How to crack a 'life-changing winning ad' methodically:	dtcquizbuilder,winning,ad,angle,method
sources/ecom-amin-5-google-ads-funnels-13m.md	source-clip	how we generated $13M+ in 2026 with 5 google ads funnels	2026-07-08	[$13M+](https://x.com/search?q=%2413M%2B&src=cashtag_click) in tracked conversion value across client accounts in 2026.	funnel,advertorial,comparison,page,quiz,listicle,pdp,five,funnels,work,together,ecom,amin,google,ads,13m
sources/ecomamin-15m-high-intent-google-funnels.md	source-clip	how i generated $15M+ this year with HIGH-intent google ads funnels	2026-06-24	most brands think Google Ads is a traffic source. it's not, it's a demand capture layer.	demand,capture,principle,branded,search,layer,most,underrated,campaign,any,account,conquest,stealing,competitors,valuable,traffic,non,compounding,engine,shopping,passive,revenue,brands,half,collecting,meta,spend,feeding,all,whether,know,attracts,different,kind,buyer,single,ecomamin,15m,high,intent
sources/ecomamin-7-google-ads-mistakes.md	source-clip	7 Google Ads mistakes found in 100+ audits	2026-07-02	i've fixed 100+ google ads funnels....	ecomamin,google,ads,mistakes
sources/ecomamin-demand-gen-24k-75k-30days.md	source-clip	Demand gen Google ads scaled $24k to $75k in 30 days	2026-06-18	just finished scaling a client's ecom brand to $75k in monthly google ads rev	ecomamin,demand,gen,24k,75k,30days
sources/ecomamin-fable5-google-ads-mcp.md	source-clip	Fable 5 + Google Ads MCP as AI media buyer	2026-07-07	i found a way to connect fable 5 into google ads MCP that i should genuinely gatekeep...	ecomamin,fable5,google,ads,mcp
sources/ecomamin-fable5-higgsfield-mcp-workflow.md	source-clip	Fable 5 Google Ads MCP full funnel workflow	2026-07-10	claude fable 5 + google ads API + higgsfield MCP for scaling ecom brands	ecomamin,fable5,higgsfield,mcp,workflow
sources/ecomamin-google-ads-0-to-14m-teardown.md	source-clip	Google Ads full-funnel 0 to $1.4M in 6 months	2026-06-29	just finished scaling an ecom brand from 0 to $1.4M in 6 months	ecomamin,google,ads,14m,teardown
sources/ecomamin-google-ads-57k-to-1.2m.md	source-clip	how i turned $57k into $1.21M with google ads (21x ROAS)	2026-04-24	everyone said australia was too small to scale. "the market's tiny", "cpcs are too high", "you need the us to hit seven figures". bullshit.	brief,inherited,actual,opportunity,small,markets,print,money,strategy,fix,google,merchant,center,70,solution,campaign,structure,actually,scales,negative,keywords,profit,protector,geographic,arbitrage,hidden,leverage,margin,based,bidding,protecting,profitability,scale,local,trust,signals,conversion,rate,boosters,month
sources/ecomamin-google-ads-budget-pov-hook.md	source-swipe	POV torching Google Ads budget unknowingly	2026-07-05	pov: you've been torching your google ads budget this whole time and had no idea	ecomamin,google,ads,budget,pov,hook
sources/ecomamin-google-ads-burn-8-mistakes.md	source-clip	how to burn your brand's ENTIRE google ads budget (fast)	2026-07-05	i've been managing google ads accounts for over seven years.	step,dump,everything,one,pmax,campaign,broad,match,every,keyword,negatives,send,all,traffic,homepage,product,page,ignore,shopping,feed,switch,target,roas,run,campaigns,same,audience,segmentation,never,test,anything,skip,negative,architecture,pattern,underneath,mistake,above,ecomamin,google
sources/ecomamin-google-ads-funnel-types.md	source-clip	every ecom google ads funnel explained in 1 article	2026-05-17	the typical google ads account runs exactly one funnel: ad → product page → checkout. it converts at 2%, cpa climbs every month, and nobody can find the leak.	advertorial,funnel,comparison,page,listicle,quiz,product,direct,pdp,vsl,application,homepage,matching,funnels,search,intent,layers,ecomamin,google,ads,types
sources/ecomamin-google-ads-pet-store-1m.md	source-clip	How I scaled my pet store to $1,000,000 through google ads at 19	2026-04-16	most people spend their first year in ecom losing money on facebook ads. i spent mine building a seven-figure pet brand in the uk market that nobody was paying attention to	product,hunt,finding,dog,harnesses,nobody,else,selling,ad,angles,actually,worked,problem,aware,beats,everything,uk,market,advantage,everyone,focuses,wrong,country,campaign,structure,scaled,83k,month,quality,positioning,beginning,end,vat,law,saw,coming,learned,principles,still,work
sources/ecomamin-google-bing-youtube-ecosystem.md	source-clip	how i turn google + bing + youtube ads into $1M+ ecom funnels	2026-07-01	every agency pitches multi-channel.	most,multi,channel,setups,fail,three,channels,their,roles,feed,each,other,4m,case,study,makes,ecosystem,rather,strategy,ecomamin,google,bing,youtube
sources/ecomamin-google-listicle-comparison-intent.md	source-clip	the $1,000,000 listicle funnel opportunity (that's disappearing soon)	2026-03-28	let me tell you what is actually happening when someone types "best mobility aids for elderly parents" or "top rated orthopedic beds vs competitors" into google.	listicle,landing,page,actually,format,accidental,keywords,feed,funnel,they,warmest,traffic,all,google,ads,happened,boomer,niche,brand,finally,got,right,plain,pdps,goes,die,owns,entire,buyer,decision,framework,opening,frame,product,replicate,social,proof,layer,makes,impossible
sources/ecomamin-manus-ai-google-ads-funnel.md	source-clip	Manus AI Google ads funnel build workflow 6-part	2026-06-26	i've been using Manus AI to build ENTIRE google ads funnels for ecom brands and the results have been ABSURD.....	ecomamin,manus,google,ads,funnel
sources/ecomamin-meta-to-google-1m-at-19.md	source-clip	Meta ROAS fatigue vs Google intent traffic $1M at 19	2026-06-17		ecomamin,meta,google,1m,19
sources/ecomamin-opus48-google-ads-funnel.md	source-clip	Manus + Opus 4.8 one-shot Google ads funnels	2026-07-02	manus + opus 4.8 are CRACKED at oneshotting google ads funnels for ecom.	ecomamin,opus48,google,ads,funnel
sources/ecomamin-pet-brand-1m-google-at-19.md	source-clip	lessons from scaling my pet brand past $1,000,000 at 19	2026-06-17	i started running ecom brands at 17. for the first two years, everything ran on meta ads. i launched brand after brand, poured money into facebook campaigns, and watched the pattern repeat itself every time.	pet,brand,origin,google,right,choice,setup,worked,problems,almost,broke,differently,compounding,difference,between,meta,tell,every,young,founder,now,ecomamin,1m,19
sources/ecomamin-seasonal-promotions-bfcm.md	source-clip	How we 10x Google Ads sales with seasonal promotions (BFCM, Xmas)	2026-06-21	most ecom brands treat black friday and christmas like regular months with a discount added.	seasonal,windows,so,valuable,most,brands,waste,them,weeks,before,remarketing,pool,build,dedicated,landing,pages,target,roas,adjustment,bfcm,specific,timeline,10x,looks,like,practice,year,round,calendar,ecomamin,promotions
sources/ecomamin-shopping-feed-tweet.md	source-clip	Google Shopping masterclass condensed — titles, images, bids, social proof	2026-07-03	The most valuable google shopping ads masterclass you'll ever read fits in a tweet.	ecomamin,shopping,feed,tweet
sources/ecomamin-shopping-masterclass.md	source-clip	the most valuable google shopping ads masterclass ever created	2026-06-26	every brand running Google Ads has a Shopping campaign.	most,brands,shopping,setup,actively,suppressing,their,products,feed,wins,actually,decided,image,underused,ctr,lever,any,account,social,proof,signals,trust,layer,costs,nothing,improve,promotions,pricing,psychological,levers,don,pull,local,inventory,location,shipping,speed,shortcut,bid,segmentation
sources/ecomamin-supps-advertorial-155k-242k-30days.md	source-clip	Google Ads advertorial system supps brand 155k to 242k	2026-06-22	just finished scaling a supps brand from $155k to $242k in monthly google ads rev	ecomamin,supps,advertorial,155k,242k,30days
sources/ecomamin-trust-collapse-route-around.md	source-clip	Trust collapse ecom — route around it to print	2026-07-04	the ecom market is f*cked. here's how to print regardless.	ecomamin,trust,collapse,route,around
sources/ecomamin-trust-recession-legitimacy-stack.md	source-clip	the ecom market is f*cked (here's how to print regardless)	2026-06-30	your conversion rate didn't drop because your product got worse.	actually,happening,market,hits,meta,tiktok,instagram,hardest,channels,winning,right,now,because,buyers,aren,being,pitched,there,making,brand,obvious,legitimate,choice,full,funnel,google,ads,ecosystem,context,ecomamin,trust,recession,legitimacy,stack
sources/ecomtable-dental-hooks-swipe.md	source-swipe	Gut-punching hooks (Health Dog Experts dental ads)	2026-06-14	Gut punching hooks, evoke emotions from your reader.	comments,ecomtable,dental,hooks,swipe
sources/engkhairallah-obsidian-ai-workflows.md	source-clip	30 Obsidian Workflows, Plugins, and Setups That Most Users Don't Know	2026-06-16	Obsidian has 2,700+ community plugins. Over 100 of them are AI-related.	part,10,essential,plugins,must,know,workflows,advanced,setups,setup,actually,run,started,today,engkhairallah,obsidian
sources/f3dericobartoli-voc-review-mining-prompt.md	source-clip	Post by @f3dericobartoli on X	2026-03-28	Use this Claude Project to scrape yours and competitors reviews that you can reuse for your copy and ads:	f3dericobartoli,voc,review,mining,prompt
sources/fotw-bencivenga-listicle-collagen.md	source-clip	How this Listicle Advertorial drives 2.6M monthly visits (DTC Collagen Peptides funnel)	2026-02-08	The Listicle Advertorial we're going to examine today is the key top-of-funnel funnel piece helping DTC health brand Native Path to grow traffic 30% month-over-month:	control,listicle,advertorial,bencivenga,persuasion,equation,crackerjack,secret,advertising,itself,valuable,urgent,problem,sell,screaming,pain,unique,promise,expose,mechanism,belief,shift,unquestionable,proof,13,elements,user,friendly,proposition,365,guarantee,medical,justification,want,full,swipe,file,fotw,collagen
sources/fotw-listicle-reason-why-1904.md	source-clip	6 Reasons Why Top Listicles of 2026 Use This 121-Year-Old Direct Response Principle	2026-03-21	Open any of the top-performing listicle advertorials on Meta or Native Ads right now and you'll see the same headline structure:	origin,1904,modern,reason,goldmine,found,name,mechanism,stack,proof,until,objections,disappear,bridge,awareness,gap,same,usp,different,reasons,people,listicle,lead,one,idea,many,takeaway,audit,q1,2026,leaderboard,fotw
sources/fotw-resilia-12-pages-advertorial.md	source-swipe	12 Facebook Pages Funnel All Their Traffic to ONE Advertorial — Resilia teardown (4M+ Visits/Mo)	2026-04-16	**Want to see how to structure a mass-scale DTC Meta Ad attack from multiple FB pages?**	landing,page,doing,80,selling,they,million,visits,script,run,900,times,turn,30,buyer,83,customer,different,platforms,pain,points,same,product,popup,sequence,worth,stealing,lesson,hidden,ads,want,see,all,pages,fotw,resilia,12,advertorial
sources/greg-isenberg-ai-native-company-brain.md	source-clip	How to build a company that runs on AI agents — company brain as context layer	2026-06-28	A friend asked me how to actually build a company that runs on AI agents. I drew him 4 simple diagrams and this is what I told him: For this to work, a few things have to be true. - The humans move up to strategy, taste…	post,conversation,greg,isenberg,native,company,brain
sources/grinder-avatar-bank.md	source-clip	Avatar Bank: Silent Groom Pro (Pet Nail Grinder)	2026-06-12		avatar,bank,traumatized,pet,parent,primary,fear,free,modern,premium,high,ltv,guardian,difficult,rescue,secondary,intent,budget,conscious,senior,loyal,but,lower,aov,black,nail,large,breed,comparison,shopper,qualify,out,highest,refund,bad,review,risk,prioritization,summary,messaging
sources/gruns-vs-ag1-comparison-conquest-page.md	source-clip	Grüns vs. AG1 | Comprehensive Daily Nutrition	2026-07-03	Rated 4.8 Stars | **1,000,000+** members	11,gruns,better,ag1,choose,offer,tastes,like,join,000,others,filling,their,nutrition,gaps,us,vs,them,got,questions,comparison,conquest,page
sources/henrycrochemore-provitalize-three-mistakes.md	source-swipe	Three Mistakes teardown — Provitalize triple-invalidation ad	2026-06-17	Three Mistakes: this ad lists everything the buyer has already tried, calls each one wrong, and lands the new product as the only remaining option. Laura Bennett is running Provitalize under a long form direct response …	post,conversation,henry,https,com,henrycrochemore,provitalize,three,mistakes
sources/heusom-silent-groom-research.md	source-clip	**Comprehensive Product Research Framework: Heusom Silent Groom Pro**	2026-06-12	Heusom = đối thủ bán CÙNG OEM với MaxPro. Research này áp thẳng cho MaxPro (cùng hardware) + là intel đối thủ.	product,sales,asset,analysis,target,market,core,problems,pain,points,primary,promises,unique,mechanism,problem,ump,solution,ums,offer,structure,features,correlating,benefits,credible,social,proof,shown,specific,expansion,action,works,limitations,engineering,trade,off,certifications,sourcing,backstory,controversies,studies
sources/iamgalba-impression-share-headroom-pmax.md	source-clip	Ruslan Galba on X: \"Your best product has a 4.6x ROAS and Google is showing it for 10% of searches.That's not a top performer. That's a top performer Google i…	2026-06-21	[Ruslan Galba](https://x.com/iamgalba)[@iamgalba](https://x.com/iamgalba)	clippings,iamgalba,impression,share,headroom,pmax
sources/idea-senior-mobility-flagship.md	source-idea	Idea: flagship "senior dog mobility" cho MaxPro	2026-06-15		idea,senior,mobility,flagship
sources/jforjacob-100k-day-budget-boldness.md	source-clip	$100k day scaling — budget boldness and Meta delivery	2026-07-04	$100k a month isn't considered much in Ecom	jforjacob,100k,budget,boldness
sources/jforjacob-bootstrapped-creatives-compete.md	source-clip	Bootstrapped brands win on creative not budget	2026-06-24	'Those who can afford to spend the most to acquire a customer win'	jforjacob,bootstrapped,creatives,compete
sources/jforjacob-bootstrapped-creatives-landing-pages.md	source-clip	Bootstrapped brands must outperform on creative vs budget	2026-06-24	'Those who can afford to spend the most to acquire a customer win'	jforjacob,bootstrapped,creatives,landing,pages
sources/jforjacob-budget-timing-observation.md	source-learning	Random budget push at 7pm Tuesday — results observation	2026-06-30	sometimes, for no reason whatsoever you just need to send the budgets at 7pm on a random Tuesday night and see wtf happens	jforjacob,budget,timing,observation
sources/jforjacob-canva-7fig-static-ad.md	source-swipe	7-figure static ad made in Canva in 3 minutes	2026-07-02	Last year I created a static ad based on a principle from a tweet by @SarahLevinger	jforjacob,canva,7fig,static,ad
sources/jforjacob-cvr-meta-ad-quality.md	source-clip	CVR drives Meta ad quality score and auction rank	2026-07-02	Regardless of AOV or RPS etc or how much you say you don't give a shit about CVR, it is still important	jforjacob,cvr,meta,ad,quality
sources/jforjacob-meta-manual-beats-algorithm.md	source-clip	Manual Meta budget intervention beats algorithm	2026-06-25	Meta is in a place where I trust it less than ever to spend on the right ads	jforjacob,meta,manual,beats,algorithm
sources/jforjacob-meta-manual-override-algo.md	source-clip	Meta algo fails — manual surf scaling beats auto spend	2026-06-25	Meta is in a place where I trust it less than ever to spend on the right ads	jforjacob,meta,manual,override,algo
sources/jforjacob-split-test-cpm-hidden-cost.md	source-clip	Split test CVR lift hidden CPM cost on Meta	2026-06-21	You split test your page	jforjacob,split,test,cpm,hidden,cost
sources/jforjacob-turn-off-ads-cpa.md	source-clip	Turning off above-target ads in CBO drops CPA	2026-07-02	I genuinely think the whole 'never turn off an ad' thing is the dumbest thing in ecom	jforjacob,turn,off,ads,cpa
sources/jforjacob-video-editor-dtc-dr.md	source-clip	Hiring DR video editor for DTC brand — role spec	2026-06-23	Hiring: Video Editor for DTC brand	jforjacob,video,editor,dtc,dr
sources/kasperdolk-pdp-per-angle-congruence.md	source-clip	PDP-per-angle congruence (Chad Janis $1.2B exit)	2026-05-01	Chad knows it better than anyone in the market that personalization and matching your creative with an LP/funnel is the no.1 way to scale	comments,kasperdolk,pdp,per,angle,congruence
sources/kittysupps-adlib-census-2026-06-23.md	source-swipe	KittySupps Ad Library — census + cadence (2026-06-23)	2026-06-23		quy,mo,snapshot,toc,ad,burst,deu,longevity,distribution,active,set,theo,start,date,persona,network,17,fb,page,so,champions,winner,dam,tat,top,ngay,chay,delta,vs,2026,06,15,kittysupps,adlib,census,23
sources/kittysupps-adlib-census-2026-06.md	source-swipe	KittySupps Ad Library — full census (2026-06-15)	2026-06-15		quy,mo,persona,archetype,theo,so,ad,symptom,doorway,taxonomy,ngo,cung,taurine,top,title,card,hooks,link,headline,longevity,champions,proven,evergreen,chay,feb,2026,signature,phrase,frequency,chua,119,swipe,bank,reason,number,lap,gan,verbatim,kittysupps,adlib
sources/kittysupps-adlib-families-index.md	source-swipe	KittySupps Ad Library — 240 distinct creative families	2026-06-15		kittysupps,adlib,families,index
sources/kittysupps-adlib-images/index.md	source-swipe	KittySupps ugly-ad image bank — top 50 winners	2026-06-15		visual,patterns,spot,check,15,06,01,litter,kidney,margaret,rose,02,vomit,pate,anna,rodriguez,03,04,acne,chin,05,cough,heart,07,08,09,10,11,12,13,14,skin,licking,vet,talks,16,17,18,19,20
sources/kittysupps-adlib-verbatim-litter.md	source-swipe	KittySupps verbatim — Litter-clump/kidney (Margaret Rose, #1 re-upload)	2026-06-15		kittysupps,adlib,verbatim,litter
sources/kittysupps-adlib-verbatim-skin.md	source-swipe	KittySupps verbatim — Skin/licking (Vet Talks, mechanism-elasticity)	2026-06-15		kittysupps,adlib,verbatim,skin
sources/kittysupps-adlib-verbatim-vomiting.md	source-swipe	KittySupps verbatim — Vomiting/pate (Shelter Vet, canonical full skeleton)	2026-06-15		kittysupps,adlib,verbatim,vomiting
sources/kittysupps-angles-inventory.md	source-swipe	KittySupps angle inventory (29 creative / ~1,600 ad)	2026-06-13		winners,song,thang,optimization,angle,catalog,14,kittysupps,angles,inventory
sources/kittysupps-brand-offer.md	source-clip	KittySupps brand / offer / mechanism (facts)	2026-06-13		social,proof,khop,mat,bai,hoc,kittysupps,brand,offer
sources/kittysupps-funnel-analysis.md	source-clip	KittySupps funnel / landing congruency	2026-06-13		carry,lo,ro,bai,hoc,lon,fix,kittysupps,funnel,analysis
sources/kittysupps-swipe-lines.md	source-swipe	KittySupps swipe lines (verbatim)	2026-06-13		hook,body,turn,cta,disarm,kittysupps,swipe,lines
sources/kittysupps-ugly-ads-teardown.md	source-swipe	KittySupps ugly-ads teardown (method swipe)	2026-06-13		kittysupps,ugly,ads,teardown
sources/klaviyo-sms-flows-setup-guide.md	source-clip	Klaviyo SMS flows — full setup playbook (6 core flows)	2026-06-28	Core principles (apply to every flow)	klaviyo,sms,flows,setup,guide
sources/lachezarvoynov-educational-vsl-anatomy.md	source-clip	Post by @LachezarVoynov on X	2026-03-27	This VSL ad has been running since Dec 2024, and has generated over 40,000,000 impressions...	comments,lachezarvoynov,educational,vsl,anatomy
sources/liamecom-listicle-structure.md	source-clip	How to structure a listicle LP (like a video ad)	2026-03-30	if you're making listicles for your product, this is how i structure mine	comments,liamecom,listicle,structure
sources/linafahizul-pet-buyer-is-a-woman.md	source-clip	the $2,000,000,000+ missed opportunity	2026-03-31	pet supplements is a [$2b+](https://x.com/search?q=%242b%2B&src=cashtag_click) market and most brands are still marketing like the buyer is a man who owns a german shepherd.	linafahizul,pet,buyer,woman
sources/low-budget-creative-testing-playbook.md	source-clip	The Low-Budget Creative Testing Playbook	2026-06-19		part,creative,testing,system,meta,campaign,structure,low,budget,bid,cap,barely,spends,new,account,one,line,summary,playbook
sources/lp-copy-generation-prompts.md	source-idea	Landing Page Prompts	2026-07-11	Prompt for Headline:	lp,copy,generation,prompts
sources/mathew-ecommaxxer-native-primary-text-8-step-prompt.md	source-clip	8-step Native-Style Primary Text Master Prompt	2026-06-20	**	mathew,ecommaxxer,native,primary,text,step,prompt
sources/maxpro-elle-birdie-winning-native.md	source-learning	Elle & Birdie — winning native (MaxPro)	2026-06-20		vi,thang,learnings,voc,ad,swipe,map,bang,assembly,compliance,dong,rui,ro,skeleton,15,beat,ugly,ads,method,primary,text,full,verbatim,winner,artifact,maxpro,elle,birdie,winning,native
sources/maxpro-hooks-shortlist.md	source-idea	MaxPro hook shortlist (grounded in VOC)	2026-06-14		maxpro,hooks,shortlist
sources/maxpro-matrix-creative-guardrails.md	source-idea	MaxPro matrix + creative brief + guardrails	2026-06-14		avatar,matrix,angle,persona,creative,brief,native,ugly,guardrails,landmine,defensible,maxpro
sources/maxpro-operating-system.md	source-idea	MaxPro 3-in-1 Grinder operating system (build-kit)	2026-06-14		maxpro,operating,system
sources/maxpro-persona-bank.md	source-idea	MaxPro persona / page-name bank	2026-06-14		maxpro,persona,bank
sources/maxpro-skeleton-and-banks.md	source-idea	MaxPro 15-beat skeleton + modular banks	2026-06-14		15,beat,banks,maxpro,skeleton
sources/maxsturtevant-5-email-marketing-hacks.md	source-clip	5 Email Marketing Hacks Working Right Now	2026-06-21	Here's five email marketing hacks that are working right now from a guy who generated over $57 million from email last month.	spoken,transcript,captions,verbatim,screen,visuals,observed,frames,maxsturtevant,email,marketing,hacks
sources/maxwellcopy-10-email-lessons-chase-dimond.md	source-clip	10 email lessons from Chase Dimond $250M ecom	2026-06-25	I got the OG of email marketing himself, @ecomchasedimond, on the pod.	maxwellcopy,10,email,lessons,chase,dimond
sources/maxwellcopy-12m-email-sms-30days.md	source-clip	$12.1M in 30 days email and SMS revenue	2026-06-23	$12.1M just from email/sms in the past 30 days.	maxwellcopy,12m,email,sms,30days
sources/maxwellcopy-3-text-email-formats.md	source-clip	Three text email formats rotating for $1.9M revenue	2026-07-03	We have an apparel brand client doing $7.3M a month.	maxwellcopy,text,email,formats
sources/maxwellcopy-ab-testing-scale.md	source-clip	Agency A/B testing ops at scale 100 clients	2026-06-24	We have a culture of testing testing testing, thinking outside the box, and trying to find the next big win that can be applied across all of our accounts.	maxwellcopy,ab,testing,scale
sources/maxwellcopy-agency-client-comms-cadence.md	source-clip	Agency client communication cadence framework	2026-06-29	The worst thing you could ever hear a client say is:	maxwellcopy,agency,client,comms,cadence
sources/maxwellcopy-agency-pod-structure.md	source-clip	Email agency pod structure for scaling client depth	2026-07-05	1 year later and we have the same setup lol	maxwellcopy,agency,pod,structure
sources/maxwellcopy-agency-red-flags-list.md	source-clip	21-point agency red flags checklist for ecom	2026-06-18	Agency red flags:	maxwellcopy,agency,red,flags,list
sources/maxwellcopy-ai-copy-vs-systems.md	source-clip	AI copy plateau — systems usage up	2026-07-06	My unpopular opinion is that AI has officially hit a plateau.	maxwellcopy,copy,vs,systems
sources/maxwellcopy-ai-design-fatigue.md	source-clip	AI design fatigue coming like AI copy fatigue	2026-07-07	Just as easily you can tell if copy is written by AI...	maxwellcopy,design,fatigue
sources/maxwellcopy-ai-email-copy-briefing.md	source-clip	3 ways AI actually works in email marketing	2026-07-11	"I fired my whole email team and replaced them with AI."	maxwellcopy,email,copy,briefing
sources/maxwellcopy-ai-shifts-retention-value.md	source-clip	Career arc + AI shifts retention value 2026	2026-07-04	Every year of my work life summarized…	maxwellcopy,shifts,retention,value
sources/maxwellcopy-billing-email-ab-test-cancel.md	source-clip	Billing reminder AB test reduced cancels 33%	2026-06-18	If you are a subscription brand, you MUST be AB testing your billing reminder emails.	maxwellcopy,billing,email,ab,test,cancel
sources/maxwellcopy-billing-reminder-ab-test.md	source-clip	Subscription billing reminder AB test Day 27	2026-07-09	You must be AB test maxxing your subscription billing reminder email...	maxwellcopy,billing,reminder,ab,test
sources/maxwellcopy-creatine-survey-ltv-unlock.md	source-clip	Creatine survey reveals LTV unlock via habit	2026-07-06	The biggest LTV unlocks come from literally ASKING YOUR CUSTOMERS instead of guessing what they want…	maxwellcopy,creatine,survey,ltv,unlock
sources/maxwellcopy-day30-rebill-klaviyo-reframe.md	source-clip	Day 30 rebill churn: Klaviyo reframe fix	2026-07-02	The HIGHEST CHURN day for almost any subscription brand is day 30.	maxwellcopy,day30,rebill,klaviyo,reframe
sources/maxwellcopy-email-3m-month-attribution.md	source-clip	$3M/mo email attribution data and operational breakdown	2026-06-15	Over $3M/mo attributed to email lately for this brand (take with that what you want).	maxwellcopy,email,3m,month,attribution
sources/maxwellcopy-email-audit-300k-brand.md	source-clip	$300k brand email audit three gaps found	2026-07-10	Had a $300k/month ecom brand owner ask me how to squeeze more out of email without spending more on ads.	maxwellcopy,email,audit,300k,brand
sources/maxwellcopy-email-deliverability-pre-event.md	source-clip	Smart email to send before big event for deliverability	2026-06-30	Really smart email you can send before a big event. Simple way to boost email deliverability to get more eyes on your announcement.	maxwellcopy,email,deliverability,pre,event
sources/maxwellcopy-email-headline-angle-framework.md	source-clip	Email headline angle beats copy — 4-step framework	2026-06-26	Unwritten rule of email: Your headline angle > your copy	maxwellcopy,email,headline,angle,framework
sources/maxwellcopy-email-hero-section-framework.md	source-clip	Email hero section 6-step build framework	2026-06-29	The hero section is the most important real estate in your entire email.	maxwellcopy,email,hero,section,framework
sources/maxwellcopy-email-welcome-flow.md	source-clip	7-email welcome flow structure breakdown	2026-07-08	It shocks me the amount of 9-figure brands that don't even have a properly set up email welcome flow.	maxwellcopy,email,welcome,flow
sources/maxwellcopy-expensive-objection-value-signal.md	source-clip	Too expensive objection means value too low	2026-07-01	The "it's too expensive" objection is a LIE.	maxwellcopy,expensive,objection,value,signal
sources/maxwellcopy-founder-email-template-winback.md	source-clip	Founder plain-text email template for non-buyers	2026-06-18	Most brands have thousands of people on their list who signed up, got the welcome offer, and never bought.	maxwellcopy,founder,email,template,winback
sources/maxwellcopy-founder-video-cancel-flow.md	source-clip	Founder video in cancel flow tripled churn recovery	2026-07-03	We're seeing founder videos crush right now.	maxwellcopy,founder,video,cancel,flow
sources/maxwellcopy-giveaway-offer-timing.md	source-clip	Giveaways only work as attention grab to offer	2026-07-07	Please, for the love of God, stop running giveaways...	maxwellcopy,giveaway,offer,timing
sources/maxwellcopy-gruns-gamification-pick-card.md	source-swipe	Gruns gamification pick-a-card free gifts	2026-06-29	Gruns is currently driving traffic to this pick a card for free gifts page…	maxwellcopy,gruns,gamification,pick,card
sources/maxwellcopy-odd-send-times-email.md	source-clip	Odd email send times beat flat hours inbox competition	2026-06-19	Easily one of the simplest tests we've started doing that I can't believe we weren't doing before.	maxwellcopy,odd,send,times,email
sources/maxwellcopy-prism-ai-popup-personalization.md	source-clip	Prism AI popup personalization +21% signups case study	2026-06-25	Had the chance to look at data on Prism AI by @aliapopups	maxwellcopy,prism,popup,personalization
sources/maxwellcopy-quiz-popup-welcome-flow.md	source-clip	Quiz pop-up welcome flow segmentation lift	2026-07-09	So many brands run quiz pop-ups but do NOTHING with it...	maxwellcopy,quiz,popup,welcome,flow
sources/maxwellcopy-reach-beats-segmentation.md	source-clip	Email segmentation hype vs reach: 9-figure data	2026-07-02	My ecommerce hot take is that most email/sms segmentation is bullshit.	maxwellcopy,reach,beats,segmentation
sources/maxwellcopy-retention-10-drivers-ltv.md	source-clip	10 drivers that actually move 6-month LTV	2026-06-28	Do you want to increase your 6-month LTV by 50%???	maxwellcopy,retention,10,drivers,ltv
sources/maxwellcopy-sms-4-templates-ecom.md	source-clip	4 SMS templates consistently outperforming everything	2026-06-19	I've sent texts to tens of millions of people on behalf of my $1M+/mo ecom brands.	maxwellcopy,sms,templates,ecom
sources/maxwellcopy-sms-welcome-flow-109k.md	source-clip	SMS welcome flow adds $109K on top of email	2026-06-23	So many brands are running a welcome flow with just email and have zero SMS touchpoints in it.	maxwellcopy,sms,welcome,flow,109k
sources/maxwellcopy-subscriber-onboarding-21days.md	source-clip	21-day subscriber onboarding two-phase framework	2026-07-01	"This is the first subscription I actually didn't cancel."	maxwellcopy,subscriber,onboarding,21days
sources/maxwellcopy-subscription-11-rules.md	source-clip	11 unspoken rules 9-figure subscription brands	2026-07-08	11 UNSPOKEN RULES OF 9-FIGURE SUBSCRIPTION BRANDS:	maxwellcopy,subscription,11,rules
sources/maxwellcopy-subscription-4-metrics-track.md	source-clip	4 subscription metrics to track for retention	2026-06-17	Track these 4 metrics if you want to actually keep your customers (FOR SUBSCRIPTION BRANDS ONLY):	maxwellcopy,subscription,metrics,track
sources/maxwellcopy-subscription-brand-teardown.md	source-clip	Subscription brand hidden problems teardown list	2026-06-26	Running a subscription brand looks cute and sexy until you see what's going on inside…	maxwellcopy,subscription,brand,teardown
sources/maxwellcopy-subscription-onboarding-churn.md	source-clip	Subscription onboarding email framework to reduce churn	2026-06-22	I've audited over 250+ subscription brands.	maxwellcopy,subscription,onboarding,churn
sources/maxwellcopy-sweepstakes-offer-legal.md	source-swipe	Spin-to-win sweepstakes offer — prints but legal risk	2026-03-11	This shit prints.	comments,maxwellcopy,sweepstakes,offer,legal
sources/nkecom-meta-launch-playbook-2026.md	source-clip	How to launch a 7-figure brand on Meta in 2026	2026-04-09	**If you want to launch a new ecom brand - this is the only guide you’ll ever need to read.**	nkecom,meta,launch,playbook,2026
sources/orisilver-ai-storyboard-contact-sheet.md	source-clip	The Master Prompt Behind Viral AI Storyboard Videos (contact sheet)	2026-05-10	I posted about this drop a few days ago. This is it.	two,patterns,keep,seeing,contact,sheet,part,matters,actually,contains,system,builds,four,files,each,one,exists,styles,included,add,more,build,three,platforms,once,orisilver,storyboard
sources/reviewscout-3rd-party-review-domain-teardown.md	source-clip	3rd-party review DOMAIN listicle — reviewscout.org teardown + page-vs-domain distinction	2026-06-21	Huy flagged a layer missing from the wiki's Top-5 / listicle coverage: the **domain** the listicle lives on must read as an **independent 3rd-party review site**, not the brand's own site. The vault already had the 3rd-…	captured,two,layers,3rd,party,distinction,reviewscout,org,teardown,observed,live,trust,risk,spectrum,compliance,note,dtc,midas,timeline,check,2026,06,21,review,domain
sources/rubiinov-gruns-100m-funnel-teardown.md	source-clip	leaking gruns $10m/mo ecom funnel (just copy this)	2026-07-06	a brand called grüns scaled to $100 million a year in two years.	900,ads,running,simultaneously,creative,volume,variable,landing,page,architecture,message,match,angle,level,pop,up,highest,leverage,piece,their,entire,funnel,email,strategy,entertain,first,sell,second,sms,built,purely,conversion,100m,years,formula,actually,drove,compounding,rubiinov,gruns
sources/rubiinov-opus-offer-engineering.md	source-clip	How to force Opus 4.8 into writing an irresistible ecom offer	2026-06-20	most ecom offers are boring by default	offer,engineering,highest,leverage,skill,ecom,framework,opus,prompt,testing,rubiinov
sources/rudra-shopping-feed-attributes-signal.md	source-clip	Shopping feed attributes = matching signals (fill every field)	2026-06-08	most brands upload the minimum required fields in their shopping feed and then wonder why their ads don't convert - this is the gap they're missing. google uses every attribute you give it to understand what your produc…	post,conversation,rudra,shopping,feed,attributes,signal
sources/satishdtc-6-diagnosis-questions-belief-shift.md	source-clip	Most native ads die in the first sentence — 6 audience diagnosis questions before writing	2026-06-13	most native ads die in the first sentence and it has nothing to do with the hook, the image or your "copywriting skills" it's because your copywriter skipped 30 minutes of critical work before writing let me explain... …	post,conversation,satishdtc,diagnosis,questions,belief,shift
sources/scalabilityschool-50-angle-strategy.md	source-clip	The 50 Angle Strategy: How to Build a Nine-Figure Brand	2026-07-03	**Operator:** You may tell a story and they get through chapter three and you've got 20 chapters, you know what I mean? So it's like taking the ad — they get a taste of it — letting them get that same taste the second t…	scalabilityschool,50,angle,strategy
sources/scalabilityschool-landing-page-stack-diversify.md	source-clip	Stop Testing for One Winner: Diversifying Your Landing Page Stack	2026-07-03	**A:** Can I give an example of this?	scalabilityschool,landing,page,stack,diversify
sources/shann-marketing-engineer-agent-orchestration.md	source-clip	How to become a marketing engineer — building agent orchestration for marketing	2026-06-25	[You reposted](https://x.com/Huy_dinosaur)	post,conversation,discover,more,shann,marketing,engineer,agent,orchestration
sources/stefangeorgi-quiz-funnel-swipe.md	source-clip	Post by @StefanGeorgi on X	2026-04-13	Anyone got links to good quiz funnels they can drop? Making some improvements to StefanBrain's CRO tool and need a bunch of quiz funnel examples to test it on 🙏	comments,stefangeorgi,quiz,funnel,swipe
sources/study-unaware-ads-nicktheriot.md	source-clip	I'm begging you to study unaware ads more...	2026-06-28	Or to start studying them if you aren't already.	audience,pool,problem,aware,buyers,any,niche,becoming,exhausted,ii,three,forces,capping,ad,account,iii,unaware,ads,may,last,bastion,real,scale,write,first,winning,most,valuable,creative,skill,develop,study,nicktheriot
sources/therapetmd-dog-funnel-research-2026-06.md	source-swipe	TheRapetMD — Dog funnel teardown + Ad Library census (2026-06-28)	2026-06-28	Đối thủ pet anxiety. Calming pheromone diffuser cho chó + mèo, scale ~$1M+/tháng. Cùng buyer là phụ nữ nuôi pet như [[linafahizul-pet-buyer-is-a-woman]]. So sánh được với [[kittysupps-machine]] (cùng kiểu Ad Library cen…	census,ty,le,vs,meo,data,cung,insight,loi,avatar,che,canh,dog,ad,titles,dem,active,set,offer,giong,nhau,ca,ldp,structure,trang,verbatim,swipe,template,defining,winners,first,person,shelter,discovery,story,winner,indoor,peeing,didn,need
sources/timdenning-dangerously-focused.md	source-clip	How to become dangerously focused	2026-06-18	We’re living through a focus epidemic.	timdenning,dangerously,focused
sources/top5choices-seamoss-review-funnel-teardown.md	source-clip	top5-choices.com sea moss funnel — verified tech stack + 8-tier persuasion skeleton	2026-06-21	Nối tiếp [[reviewscout-3rd-party-review-domain-teardown]] bằng 1 case **LIVE, full-capture + tech stack đã verify** (reviewscout chỉ có mechanics, không có stack). top5-choices.com là domain reviewscout từng liệt kê như…	captured,verified,tech,stack,header,html,suy,luan,tier,persuasion,skeleton,granular,anchor,toc,reviewscout,tone,compliance,top5choices,seamoss,review,funnel,teardown
sources/voc-mining-learnings.md	source-learning	VOC mining learnings (review corpus máy mài móng)	2026-06-14		voc,mining,learnings
sources/vysta-native-image-ads-demand-gen-scale.md	source-clip	How We Scale Native-Style Image Ads from $0 to $40k/Day on Google	2026-07-10	The exact playbook we use internally to dominate Google Discover with native image ads - from first test to full scale in under weeks.	exists,opportunity,nobody,talking,rule,discover,only,expand,before,launch,prerequisites,part,creative,framework,principle,lead,pain,point,product,native,clickbaity,shouldn,look,like,ad,brand,name,logo,split,test,organic,images,build,91,keep,text,under,20,click,must
sources/vysta-presell-build-guide.md	source-clip	How we build presell pages that convert at 8-12% (the native ads funnel)	2026-06-16	"this is the exact presell architecture we use across 150+ ecom brands. we produce 50+ custom landing pages per week using this system. comparison and listicle pages convert 2-3x better than sending traffic to a homepag…	presell,pages,exist,formats,format,advertorial,10,section,wireframe,listicle,quiz,funnel,comparison,page,highest,intent,tech,stack,shopify,funnelish,speed,non,negotiable,cta,placement,system,doubles,ctr,congruence,rule,most,fail,tracking,metrics,weekly,production,cadence,50,week,compliance
sources/x-advertorial-listicle-funnel-placement.md	source-clip	Listicle/advertorial funnel PLACEMENT taxonomy (HookRate) + DTC Midas landing-page taxonomy + account leads	2026-06-21	Follow-up to [[reviewscout-3rd-party-review-domain-teardown]]: Huy asked to mine X for more on the listicle/advertorial review-page tactic + find accounts that teach it. The review-DOMAIN mechanics are covered in the te…	captured,hookrate,funnel,placement,taxonomy,verbatim,dtc,midas,landing,page,account,leads,follow,tactic,note,advertorial,listicle
wiki/index.md	wiki	Wiki Index		Bản đồ vault. **2 trục:** `method/` = cách làm (reusable, mọi sản phẩm) · `products/` = sự thật từng sản phẩm (cross-domain). Claude cập nhật mỗi `/ingest`.	method,source,truth,strategies,playbook,du,building,blocks,lap,vao,strategy,channels,guardrails,business,hanh,finance,cs,fulfillment,personal,mindset,focus,cong,cu,products,su,tung,san,pham,maxpro,nail,grinder,archive,execution,memory,domain,mo,kepano,tao,note,index
wiki/method/marketing/agency-ops.md	wiki-method	Agency ops — thuê & giám sát agency (email / ads / CRO)	2026-07-05	thuê & giám sát agency (tách từ email-marketing 03/07): red-flags 21 điểm (bộ lọc ngược khi nghe pitch) + communication cadence chuẩn (proactive > reactive, Mon stats → Tue manual → monthly → quarterly).	red,flags,21,diem,bo,loc,nguoc,nghe,pitch,maxwellcopy,agency,list,communication,cadence,good,client,comms,pod,structure,scale,giu,service,quality,ops
wiki/method/marketing/angles.md	wiki-method	Angles	2026-07-03	matrix angle x avatar x persona, winning trio, Life Force 8 + reason-name, urgency defensible, native angle test, **belief-shift diagnosis ("cái họ tin KHÔNG phải nguyên nhân")**, **50-angle strategy — 1 product bán 50 …	matrix,grinder,angle,avatar,persona,overgrown,nail,comfort,senior,mobility,reconciled,20,06,kittysupps,catalog,14,tham,khao,cross,product,symptom,doorway,dong,scale,corpus,119,ad,50,strategy,chon,goc,tam,market,native,test,tieu,chi,campaign,urgency,act
wiki/method/marketing/compliance.md	wiki-method	Compliance: defensible vs fabricated	2026-06-22	defensible vs fabricated, 2 landmine, guarantee trap	ranh,gioi,landmine,double,confirmed,boi,ca,research,guarantee,trap,heusom,dinh,maxpro,tranh,bai,hoc,ne,kittysupps,presell,lp,policy,disapproval,tang,vysta,build,guide,shopify,payments,dtcmidas,banned,teardown,claim,manh,cau,truc,compliance
wiki/method/marketing/creative-brief.md	wiki-method	Static ad creative (rules + ugly-native brief)	2026-07-07	static ad creative: 8 rule DR (Alex GC) + 4 category + 7 format ugly-native + seed prompt + **native-static archetypes (Jan)** + **"cartoon creatives" 7-style (đang outperform, né AI-people law) + restyle-to-iterate win…	rule,dr,static,alex,gc,category,thang,creative,type,funnel,stage,match,format,dtcmidas,per,prime,directive,xoay,seed,prompt,mau,native,image,archetypes,jan,nano,banana,cartoon,creatives,outperform,everything,posts,animation,ads,story,first,hoac,bad,traffic,0xroas
wiki/method/marketing/creative-testing.md	wiki-method	Creative testing — isolate-one-layer (low-budget)	2026-07-09	isolate-one-layer (low-budget): 3 layer angle/hook/visual, test theo round (R1 angle→R2 format→R3 hook), naming+tracker, đọc signal CTR-vs-CPA; **đối trọng flood của [[media-buying]]**, **AI ad production signal: GPT 5.…	layer,static,hold,vary,test,theo,round,thu,leverage,budget,split,70,80,iterate,20,30,swing,naming,tracker,noi,pattern,hien,doc,signal,metric,failure,hard,constraint,ly,isolate,ko,flood,testing,culture,systematic,winner,propagation,maxwellcopy,ab,scale
wiki/method/marketing/email-marketing.md	wiki-method	Email marketing — owned-channel / retention tactics	2026-07-12	owned/retention (Klaviyo), THUẦN email sau khi tách 3 cụm (03/07): **mystery-discount > flat trong abandonment (data ~2× click, +46% order)**, odd send times (2 nguồn), pattern-interrupt + SMS-style email, resend top pe…	mystery,discount,flat,abandonment,flow,data,gui,gio,le,odd,send,times,nguon,xac,nhan,pattern,interrupt,banner,email,giong,sms,style,text,tron,tin,copy,paste,top,performer,resend,founder,plain,winback,template,easy,win,subscription,retention,trang,rieng
wiki/method/marketing/funnel-and-landing.md	wiki-method	Funnel + landing congruency	2026-07-07	5-stage funnel (creative→advertorial→presell→checkout→upsell) + pre-sell layer, **listicle 2-slot placement (cold front-end + retargeting, HookRate)**, proof-evaporation, AI page-clone, **PDP = too many distractions for…	tai,pdp,giet,cold,conversion,too,many,distractions,advertising,jan,funnel,advertorial,presell,checkout,nguyen,tac,ad,chi,chot,stage,skeleton,landing,page,stack,chay,danh,muc,san,winner,one,shot,homepage,vs,lander,rieng,gruns,model,carry,message,match
wiki/method/marketing/google-ads.md	wiki-method	Google Ads (kênh search-intent)	2026-07-10	kênh search-intent (account-strategy): **demand-CAPTURE vs Meta demand-GEN (Meta feeds Google)**, **prospecting-first account 80-95% + SERP domination (+ control-narrative brand defense)**, market arbitrage, problem-awa…	khac,meta,google,thuong,san,pham,tot,demand,capture,generation,mental,model,prospecting,first,account,serp,domination,blvckledge,market,arbitrage,danh,canh,tranh,problem,aware,angle,product,focused,shopping,feed,listing,bid,depth,trang,rieng,campaign,structure,segment,theo,intent
wiki/method/marketing/google-shopping.md	wiki-method	Google Shopping — feed / listing / bid depth	2026-07-03	lớp feed/listing của [[google-ads]] (tách 28/06): GMC feed 70%-lift · **feed duplication** (1 sản phẩm → nhiều listing) · **Shopping masterclass** (title benefit-rich · image contrast · social-proof count>rating · **fre…	gmc,feed,70,ket,campaign,duplication,san,pham,listing,shopping,masterclass,image,proof,bid,depth,amin,attribute,completeness,matching,signal,title,rudra,attributes,google
wiki/method/marketing/hook-swap-method.md	wiki-method	Hook-swap method — thay hook proven sang sản phẩm mình	2026-06-24	lấy hook proven (KS/đối thủ) đổi sang sản phẩm mình: tách **ENGINE (cảm xúc+nhịp, giữ) vs SKIN (danh-từ/số/tên, thay)** + swap library KS→MaxPro + hook↔body khớp	nguyen,ly,hook,engine,giu,skin,thay,buoc,decompose,bat,ky,worked,danh,tung,swap,library,ks,pattern,proven,maxpro,san,loi,giet,body,khop,bai,hoc,26,quy,tac,dong,method
wiki/method/marketing/hooks.md	wiki-method	Hooks	2026-07-07	10 pattern scroll-stopper + footer mini-hook + swipe vet-whistleblower	10,pattern,transferable,doi,san,pham,footer,caption,mini,hook,rieng,primary,text,story,dong,nut,click,title,card,bank,corpus,kittysupps,119,ad,native,headline,open,web,pre,filter,curiosity,gap,swipe,vet,whistleblower,confession,dog,dental,pov,unaware
wiki/method/marketing/kittysupps-machine.md	wiki-method	KittySupps machine — case study long-form VSL ($500k/mo)	2026-07-07	case study $500k/mo: engine symptom-doorway → 1 mechanism, map sang sản phẩm	engine,dong,nguyen,ly,ro,13,06,angle,multiplication,quanh,mechanism,scale,elasticity,che,gian,trieu,two,stage,reveal,tinh,vi,false,close,persona,matrix,quy,mo,personas,anatomy,dinh,luong,villain,stack,reason,bank,lap,verbatim,census,cta,rescue
wiki/method/marketing/lp-copy-prompts.md	wiki-method	LP copy-generation prompt kit (headline → subhead → PAS pain → value props → CTA)	2026-07-11	bộ 6 AI-prompt viết copy LP theo thứ tự đọc: hero headline (3-part formula) → subhead v1/v2 (mechanism-focused) → pain section P-A-S → pain-to-proof bridge headline (5-format mix, KHÔNG toàn Q&A) → value props (8 differ…	hard,rule,xuyen,suot,prompt,kit,hero,headline,10,variation,sub,bien,chon,theo,muc,dich,pain,section,problem,agitate,solve,proof,bat,buoc,format,value,props,tach,primary,cta,service,oriented,zero,pressure,framing,lp,copy,prompts
wiki/method/marketing/market-awareness.md	wiki-method	Market awareness + sophistication (grinder)	2026-07-11	**⚠️ 3 khái niệm KHÁC NHAU (DTCMidas): awareness = property của 1 NGƯỜI+vấn đề · sophistication = property của CẢ THỊ TRƯỜNG+claims (scar tissue cộng dồn) · funnel stage = property của quan hệ với BRAND — dùng lẫn = sai…	chieu,property,khac,nhau,dtcmidas,awareness,sophistication,funnel,stage,guide,solution,aware,product,level,belief,shift,angle,ladder,ump,ums,cot,loi,tin,unaware,pool,bien,gioi,scale,duy,study,ads,nicktheriot,third,party,awards,certifications,trust,differentiator,native,cold
wiki/method/marketing/media-buying.md	wiki-method	Media buying + testing (Meta 2026)	2026-07-08	Meta 2026: broad, 1 ad set, flood AI ads, decision matrix ngày 1, **low-budget regime (lowest-cost→cap) + bid-cap-cold-account**, **algorithm trust decay + manual surf scaling (jforjacob 2026)**, **bootstrapped brand: p…	account,structure,dao,practice,cu,volume,flood,ads,meta,loc,digital,darwinism,bang,0xroas,confirm,format,spend,2026,phep,test,budget,decision,matrix,ngay,tieu,het,winner,signal,noi,creative,spy,persona,gap,chon,clone,alexgoughcooper,static,rules,low,regime
wiki/method/marketing/native-ads.md	wiki-method	Native ads (kênh open-web)	2026-07-06	true-native open web (Taboola): math CTR-first, funnel 3 mảnh + **4-mảnh Ad→Mini Advertorial→VSL (AB-tested)**, advertorial 6-piece, **7-headline swipe + 3-bucket image test + Reddit Media + "new & weird"=FOMO rule**, *…	true,native,style,fb,doc,audience,state,schwartz,l1,nguoc,grinder,chay,kenh,funnel,manh,bien,ad,mini,advertorial,vsl,advertising,jan,ab,tested,piece,editorial,register,mechanism,rewrite,noi,sale,su,xay,section,profitable,48h,bang,scale,asset,compounding
wiki/method/marketing/offer-and-cta.md	wiki-method	Offer + CTA mechanics	2026-07-07	offer = perceived value (4 levers) + **6-component framework (rubinov) + test-3-offers + reusable Opus prompt**, **cold-traffic-test = định nghĩa good offer · mass-desire reposition · find-opportunity (new-market) · off…	too,expensive,value,gap,price,objection,offer,bo,perceived,chi,bundle,component,framework,rubinov,engineer,them,discount,test,cung,luc,launch,loi,cold,traffic,dinh,nghia,good,build,mass,market,desire,reposition,mo,complete,solution,ko,find,opportunity,dac,new
wiki/method/marketing/personas.md	wiki-method	Persona-network strategy	2026-06-22	persona-network, 4 archetype, matching rule, authority-character, **3rd-party strategy 2 tầng: PAGE (DTC Midas) + review DOMAIN**, **voice-signature blueprint (reusable mọi product)**	archetype,match,lead,type,voice,signature,per,page,khoa,congruency,reusable,product,nguyen,tac,luu,3rd,party,strategy,ad,delivery,dtcmidas,pages,corpus,06,2026,119,xac,nhan,ti,le,resilia,persona,network,quy,mo,cong,nghiep,personas
wiki/method/marketing/presell-pages.md	wiki-method	Presell pages — build guide (4 format)	2026-07-10	build guide 4 format: wireframe, **listicle why+build (Reason-Why/Bencivenga/Primal Vikings)**, **comparison 2 sub-genre — honest-breakdown vs conquest-listicle "N ways we win" (Grüns/AG1: switcher-proof/lý-do, lật stre…	math,vi,format,benchmark,ctr,pdp,advertorial,10,section,wireframe,layout,level,carl,weische,100m,first,cta,khac,comparison,page,intent,cao,maxpro,lien,sub,genre,honest,breakdown,balanced,vs,win,conquest,listicle,3rd,party,anatomy,block,swipe,tactic,convert
wiki/method/marketing/quiz-funnels.md	wiki-method	Quiz funnels (interactive pre-sell)	2026-07-10	interactive pre-sell: congruency #1, 4 nguyên lý tâm lý, **close sequence (3-card + pseudo-diagnosis + 5-stage)**, drop-off diagnosis, Web2App, **diagnostic benchmarks: start rate 17% (kém) vs 31% (tốt) — driven by ad-t…	vi,quiz,arbitrage,consumer,evolution,tai,personalization,optional,dtcquizbuilder,funnel,scale,personalized,sales,call,pre,purchase,data,collection,chi,warm,up,prepurchase,validation,angle,pipeline,validate,build,winning,ad,method,congruency,cau,hoi,question,sequencing,low,friction,entry,nguyen,ly
wiki/method/marketing/sms-flows.md	wiki-method	SMS flows — Klaviyo setup playbook (6 core flows)	2026-07-07	setup từng-flow 6 Klaviyo SMS flow (Welcome 3-msg · Site/Browse/Cart/Checkout abandonment · Win-back): trigger + exclusion-filter-ở-trigger + delay + quiet-hours + copy template + bảng tra nhanh + **format & proof (test…	format,proof,don,email,marketing,2026,07,03,nguyen,tac,flow,bang,tra,nhanh,welcome,series,msg,message,duy,site,abandonment,build,scratch,browse,template,cart,checkout,cung,highest,converting,customer,win,back,ap,maxpro,pet,store,sms,flows
wiki/method/marketing/subscription-retention.md	wiki-method	Subscription retention — onboarding / churn / rebill (FOR SUBS)	2026-07-09	FOR-SUBS (tách từ email-marketing 03/07): operational reality teardown 13 điểm, **4 metric (take-rate / O2-O4-O6 / billing cancel / recovery 15-20%)**, onboarding 5 nguyên tắc + **21-day 2-phase framework (skepticism ki…	operational,reality,doc,mo,sub,maxwellcopy,subscription,brand,teardown,metric,track,metrics,onboarding,sequence,don,chong,churn,xay,21,subscriber,phase,framework,21days,30,rebill,highest,klaviyo,reframe,fix,day30,quarterly,90,audit,margin,defer,revenue,seed,pdp,lander,scalabilityschool
wiki/method/marketing/ugly-ads-method.md	wiki-method	Long-form "ugly native" advertorial method	2026-06-22	playbook long-form native, skeleton 15 beat + **8-beat primary-text cousin (Mathew Ecommaxxer) + 3 luật override (trace-to-doc / outside-authority mechanism / soft CTA)**, voice register, QA checklist	non,negotiables,voice,register,locked,calibration,skeleton,15,beat,qa,checklist,primary,text,chay,ship,san,pham,same,different,costume,cousin,mathew,ecommaxxer,length,2000,rui,ro,lon,nang,cap,full,corpus,119,ad,kittysupps,machine,ugly,ads,method
wiki/method/marketing/villains.md	wiki-method	Villain stack + landmines	2026-06-22	framework 3 lớp + authority-demotion dial (3 nấc) + **Three-Mistakes failed-solutions collapse** + 5 villain + 2 landmine	framework,lop,transferable,san,pham,villain,grinder,attack,line,landmine,hard,avoid,villains
wiki/method/personal/focus-and-deep-work.md	wiki-personal	Focus & deep work (meta)	2026-06-22	lớp kỷ luật người vận hành: 1 ưu tiên, đừng dabble, flow dài, make-then-manage, urgency. Nguồn: Tim Denning. (Phục vụ "Stuck on" — quá nhiều idea, cần focus.)	thesis,nguyen,tac,ngay,canh,bang,focus,deep,work
wiki/method/personal/second-brain-system.md	wiki-personal	Second-brain system (meta)	2026-06-30	second-brain chạy-khi-ngủ: skill stack (brief/capture/**connection-finder gap**/review), identity-file = đòn bẩy (beliefs ledger), nguyên tắc vận hành, **Dataview query cho `/lint` (orphan/stale-project/pipeline/decisio…	thesis,skill,stack,chuan,loi,tri,identity,file,don,bay,lon,nguyen,tac,hanh,dataview,query,lint,cyrilxbt,50,workflows,vault,company,brain,agent,chi,note,nguoi,greg,isenberg,native,marketing,engineer,build,orchestration,prompt,lan,shann,plugin,obsidian,engkhairallah
wiki/products/maxpro/casfuy-voc-avatars.md	wiki-product	Casfuy VOC — avatar map & verdict "grandma"	2026-06-20	VOC learning từ 252 review Casfuy (Apify) + Chewy + Amazon: avatar validation	tan,suat,avatar,verdict,grandma,xac,nhan,nguon,tien,data,backed,objection,chan,page,18,quote,vang,ad,hanh,dong,casfuy,voc,avatars
wiki/products/maxpro/maxpro-avatars.md	wiki-product	Avatars (grinder)	2026-06-22	5 avatar (lead 1+2, avatar 5 power = in-play 17/06)	traumatized,pet,parent,primary,lead,spend,fear,free,modern,premium,high,ltv,difficult,rescue,guardian,secondary,intent,budget,conscious,senior,loyal,lower,aov,black,nail,large,breed,shopper,play,chu,xac,nhan,power,17,06,maxpro,avatars
wiki/products/maxpro/maxpro-competitors.md	wiki-product	Competitors (grinder)	2026-06-22	Heusom (cùng OEM, wedge), Casfuy, LuckyTail, Naigrins	heusom,silent,groom,pro,doi,thu,cung,oem,power,canh,tranh,maxpro,xu,large,breed,150lb,owner,xac,nhan,17,06,product,truth,premium,indirect,substitute,chot,chien,luoc,competitors
wiki/products/maxpro/maxpro-headline-system.md	wiki-product	MaxPro headline (title-card) system	2026-06-17	headline swipe system phase-0	checklist,headline,dat,10,formula,grounded,census,kittysupps,vsl,1m,quy,trinh,maxpro,system
wiki/products/maxpro/maxpro-image-prompt-system.md	wiki-product	MaxPro image-prompt system	2026-06-16	AI image prompt library phase-0	dinh,nghia,ugly,ad,loi,quen,luat,vang,test,loai,checklist,kho,raw,shot,dog,nails,chon,gen,andromeda,distinctness,luu,maxpro,image,prompt,system
wiki/products/maxpro/maxpro-pages.md	wiki-product	MaxPro — page system (fill của personas voice-signature blueprint)	2026-06-22	page system (fill của [[personas]] voice-signature): Elle/May/Carol/Institution/Cause + mirror KittySupps	maxpro,pages
wiki/products/maxpro/maxpro-persona-network.md	wiki-product	MaxPro persona network	2026-06-16	persona network phase-0: page nào nói giọng nào	blueprint,tier,naming,conventions,them,vo,han,page,khoi,dong,phase,bio,congruency,cue,elle,zena,peer,traumatized,pet,parent,may,ebert,budget,conscious,senior,dog,grooming,tips,institution,editorial,carol,honest,groomer,expert,serves,fear,free,second,chance,rescue
wiki/products/maxpro/maxpro-product-truth.md	wiki-product	Product truth — MaxPro grinder	2026-06-22	spec / offer / proof / ⚠️ giới hạn power	spec,offer,proof,mission,moat,power,handle,thick,large,chu,san,pham,xac,nhan,17,06,vi,quan,maxpro,product,truth
wiki/products/maxpro/maxpro-structure-library.md	wiki-product	MaxPro structure library	2026-06-24	17-beat ugly-ads structure library (S01, S02…)	ks,hook,patterns,learn,catalog,proven,map,sang,dr,move,s01,scam,reversal,tested,only,one,passed,skeleton,17,beat,loi,93,100,giu,nguyen,bank,verbatim,pattern,reference,port,maxpro,carol,honest,groomer,re,staged,slot,cam,full,body
wiki/products/maxpro/maxpro-top5-review-funnel.md	wiki-product	MaxPro Top-5 Review Funnel (4pawsreview.com)		funnel ops 4pawsreview.com: status LIVE, lệnh deploy wrangler, design tokens, pixel checklist	trang,thai,hien,tai,mong,chot,design,tokens,rut,source,build,content,cau,truc,theo,top5,choices,thu,guardrails,nguon,lien,quan,maxpro,review,funnel
wiki/products/maxpro/maxpro-voc-insights.md	wiki-product	VOC insights (review corpus)	2026-06-22	17 VOC cluster theo avatar + swipe-bank; full report → [[maxpro-voc-report-2026-06-20]]	15,cluster,map,theo,avatar,techniques,rut,full,voc,report,framework,federico,maxpro,insights
